X,Y,gid,name,layer,elevation,time,cmt,sym,nama,alamat_jln,alamat_br,alamat_ds,kecamatan,q_trpasang,q_sumber,prod_b_ini,pro_sdb_in,dis_bl_ini,dis_sdb_in,tjual_b_in,tjulsdb_in,airtkbrkni,bln_ini,sd_bln_ini,tka,tbln_ini,sdbln_ini,foto,utara,foto_1,timur,foto_2,selatan,foto_3,barat,foto_4,sistem_pel,x,y,icon_url
115.023320000043,-8.50117199999938,7,"495",Waypoint,109.16,2017-06-21T06:33:18Z,2017-06-21 2:33:18pm,"Flag, Blue",,,,,,,,,,,,,,,,,,,,,,,,,,,,,,282404.212853,9059741.0833,./0.png
114.958881000054,-8.42861399999921,11,"503",Waypoint,499.099,2017-06-22T04:40:35Z,2017-06-22 12:40:35pm,"Flag, Blue",,,,,,,,,,,,,,,,,,,,,,,,,,,,,,275265.721143,9067730.77516,./0.png
115.111548000001,-8.50887999999998,27,"408",Waypoint,138.085,2017-06-20T00:19:43Z,2017-06-20 8:19:43am,"Flag, Blue",Pompa MA Tibu Ranjang,,Br. Jangkahan,Ds. Batuaji,Kerambitan,,,,,,,,,,,,,,,,,,,,,,,,,292124.102221,9058936.94848,./0.png
115.112088000001,-8.50496499999998,28,"409",Waypoint,129.193,2017-06-20T01:00:48Z,2017-06-20 9:00:48am,"Flag, Blue",Intake MA Beji Panes,,Br. Jangkahan,Ds. Batuaji,Kerambitan,,,,,,,,,,,,,,,,,,,,,,,,,292181.453162,9059370.28506,./0.png
115.112016000001,-8.50493599999998,29,"410",Waypoint,118.705,2017-06-20T01:05:49Z,2017-06-20 9:05:49am,"Flag, Blue",,,,,,,,,,,,,,,,,,,,,,,,,,,,,,292173.509108,9059373.45416,./0.png
115.112731000032,-8.53341099999956,53,"468",Waypoint,97.907,2017-06-02T02:45:33Z,2017-06-02 10:45:33am,"Flag, Blue",IPA Yeh Nu,,,Ds. Dauh Peken,Tabanan,"10","200","34.595","227771",,,,,,,,,,,"<img Src=""D:\DATA PEMETAAN JARINGAN ARGIS PDAM KAB.TABANAN\TRANSFERAN DATA DARI GPS\data gps seluruh MA PDAM tabanan\unit pelayanan kota\photo\DSC01286.jpg""/>",,,,"<img Src=""D:\DATA PEMETAAN JARINGAN ARGIS PDAM KAB.TABANAN\TRANSFERAN DATA DARI GPS\data gps seluruh MA PDAM tabanan\unit pelayanan kota\photo\DSC01288.jpg""/>",,"<img Src=""D:\DATA PEMETAAN JARINGAN ARGIS PDAM KAB.TABANAN\TRANSFERAN DATA DARI GPS\data gps seluruh MA PDAM tabanan\unit pelayanan kota\photo\DSC01287.jpg""/>",,,Kota Kec. Tabanan,292267.61754,9056224.15664,./0.png
115.038363223991,-8.45344174429375,1,"489",Waypoint,255.549,2017-06-21T01:29:56Z,2017-06-21 9:29:56am,"Flag, Blue",MA. Kikihan,,Br. Kikihan,Ds. Pupuan Sawah,Selemadeg,,,,,,,,,,,,,,,"<img Src=""D:\DATA PEMETAAN JARINGAN ARGIS PDAM KAB.TABANAN\TRANSFERAN DATA DARI GPS\data gps seluruh MA PDAM tabanan\unit pelayanan selemadeg\photo\DSC01380.jpg""/>",,"<img Src=""D:\DATA PEMETAAN JARINGAN ARGIS PDAM KAB.TABANAN\TRANSFERAN DATA DARI GPS\data gps seluruh MA PDAM tabanan\unit pelayanan selemadeg\photo\DSC01381.jpg""/>",,"<img Src=""D:\DATA PEMETAAN JARINGAN ARGIS PDAM KAB.TABANAN\TRANSFERAN DATA DARI GPS\data gps seluruh MA PDAM tabanan\unit pelayanan selemadeg\photo\DSC01382.jpg""/>",,"<img Src=""D:\DATA PEMETAAN JARINGAN ARGIS PDAM KAB.TABANAN\TRANSFERAN DATA DARI GPS\data gps seluruh MA PDAM tabanan\unit pelayanan selemadeg\photo\DSC01383.jpg""/>",,"<img Src=""D:\DATA PEMETAAN JARINGAN ARGIS PDAM KAB.TABANAN\TRANSFERAN DATA DARI GPS\data gps seluruh MA PDAM tabanan\unit pelayanan selemadeg\photo\DSC01384.jpg""/>",,296468.075386,9083149.90754,./0.png
115.024026000044,-8.3216139999994,10,"498",Waypoint,729.175,2017-06-22T03:22:41Z,2017-06-22 11:22:41am,"Flag, Blue",MA. Beji Pujungan,,Br. Kubu,Ds. Pupuan,Pupuan,"2,50","3,02",,,,,,,,,,,,,,,"<img Src=""D:\DATA PEMETAAN JARINGAN ARGIS PDAM KAB.TABANAN\TRANSFERAN DATA DARI GPS\data gps seluruh MA PDAM tabanan\unit pelayanan selemadeg\photo\DSC01419.jpg""/>",,"<img Src=""D:\DATA PEMETAAN JARINGAN ARGIS PDAM KAB.TABANAN\TRANSFERAN DATA DARI GPS\data gps seluruh MA PDAM tabanan\unit pelayanan selemadeg\photo\DSC01420.jpg""/>",,"<img Src=""D:\DATA PEMETAAN JARINGAN ARGIS PDAM KAB.TABANAN\TRANSFERAN DATA DARI GPS\data gps seluruh MA PDAM tabanan\unit pelayanan selemadeg\photo\DSC01421.jpg""/>",,"<img Src=""D:\DATA PEMETAAN JARINGAN ARGIS PDAM KAB.TABANAN\TRANSFERAN DATA DARI GPS\data gps seluruh MA PDAM tabanan\unit pelayanan selemadeg\photo\DSC01422.jpg""/>",Selemadeg,282381.718998,9079603.68044,./0.png
115.045684555054,-8.52340546463971,64,,,,,,,SUMUR BOS RESV. WATES,,,,,,,,,,,,,,,,,,,,,,,,,,,,,,,./0.png
115.109034000001,-8.48571599999998,36,"417",Waypoint,193.435,2017-06-20T02:05:46Z,2017-06-20 10:05:46am,"Flag, Blue",,,,,,,,,,,,,,,,,,,,,,,,,,,,,,291834.771108,9061497.81982,./0.png
115.111361000001,-8.50458099999999,30,"411",Waypoint,130.34,2017-06-20T01:17:27Z,2017-06-20 9:17:27am,"Flag, Blue",,,,,,,,,,,,,,,,,,,,,,,,,,,,,,292101.191035,9059412.36979,./0.png
115.110991000001,-8.50417099999998,31,"412",Waypoint,157.689,2017-06-20T01:19:55Z,2017-06-20 9:19:55am,"Flag, Blue",,,,,,,,,,,,,,,,,,,,,,,,,,,,,,292060.22653,9059457.52208,./0.png
115.111063000001,-8.50407499999998,32,"413",Waypoint,163.399,2017-06-20T01:21:08Z,2017-06-20 9:21:08am,"Flag, Blue",,,,,,,,,,,,,,,,,,,,,,,,,,,,,,292068.103176,9059468.17952,./0.png
115.064662000038,-8.39775799999948,2,"490",Waypoint,496.981,2017-06-21T02:18:08Z,2017-06-21 10:18:08am,"Flag, Blue",MA. Pangkung Kidang,,Br. Sarinbuana,Ds. Wanagiri,Selemadeg,"4,20 & 2,10","7,40",,,,,,,,,,,,,"<img Src=""D:\DATA PEMETAAN JARINGAN ARGIS PDAM KAB.TABANAN\TRANSFERAN DATA DARI GPS\data gps seluruh MA PDAM tabanan\unit pelayanan selemadeg\photo\DSC01389.jpg""/>",,"<img Src=""D:\DATA PEMETAAN JARINGAN ARGIS PDAM KAB.TABANAN\TRANSFERAN DATA DARI GPS\data gps seluruh MA PDAM tabanan\unit pelayanan selemadeg\photo\DSC01385.jpg""/>",,"<img Src=""D:\DATA PEMETAAN JARINGAN ARGIS PDAM KAB.TABANAN\TRANSFERAN DATA DARI GPS\data gps seluruh MA PDAM tabanan\unit pelayanan selemadeg\photo\DSC01386.jpg""/>",,"<img Src=""D:\DATA PEMETAAN JARINGAN ARGIS PDAM KAB.TABANAN\TRANSFERAN DATA DARI GPS\data gps seluruh MA PDAM tabanan\unit pelayanan selemadeg\photo\DSC01387.jpg""/>",,"<img Src=""D:\DATA PEMETAAN JARINGAN ARGIS PDAM KAB.TABANAN\TRANSFERAN DATA DARI GPS\data gps seluruh MA PDAM tabanan\unit pelayanan selemadeg\photo\DSC01388.jpg""/>",Selemadeg,286900.087471,9071203.18668,./0.png
115.060045000039,-8.39022399999947,3,"491",Waypoint,642.745,2017-06-21T03:19:32Z,2017-06-21 11:19:32am,"Flag, Blue",MA. Arca II,,Br. Kebon Anyar,Ds. Wanagiri Kauh,Selemadeg,"1,7","3,40",,,,,,,,,,,,,"<img Src=""D:\DATA PEMETAAN JARINGAN ARGIS PDAM KAB.TABANAN\TRANSFERAN DATA DARI GPS\data gps seluruh MA PDAM tabanan\unit pelayanan selemadeg\photo\DSC01390.jpg""/>",,"<img Src=""D:\DATA PEMETAAN JARINGAN ARGIS PDAM KAB.TABANAN\TRANSFERAN DATA DARI GPS\data gps seluruh MA PDAM tabanan\unit pelayanan selemadeg\photo\DSC01391.jpg""/>",,"<img Src=""D:\DATA PEMETAAN JARINGAN ARGIS PDAM KAB.TABANAN\TRANSFERAN DATA DARI GPS\data gps seluruh MA PDAM tabanan\unit pelayanan selemadeg\photo\DSC01392.jpg""/>",,"<img Src=""D:\DATA PEMETAAN JARINGAN ARGIS PDAM KAB.TABANAN\TRANSFERAN DATA DARI GPS\data gps seluruh MA PDAM tabanan\unit pelayanan selemadeg\photo\DSC01393.jpg""/>",,"<img Src=""D:\DATA PEMETAAN JARINGAN ARGIS PDAM KAB.TABANAN\TRANSFERAN DATA DARI GPS\data gps seluruh MA PDAM tabanan\unit pelayanan selemadeg\photo\DSC01394.jpg""/>",Selemadeg,286387.402217,9072034.04588,./0.png
115.059723000039,-8.38847199999948,4,"492",Waypoint,617.869,2017-06-21T03:32:00Z,2017-06-21 11:31:59am,"Flag, Blue",MA. Arca I,,Br. Kebon Anyar,Ds. Wanagiri Kauh,Selemadeg,"1,7","3,40",,,,,,,,,,,,,,,"<img Src=""D:\DATA PEMETAAN JARINGAN ARGIS PDAM KAB.TABANAN\TRANSFERAN DATA DARI GPS\data gps seluruh MA PDAM tabanan\unit pelayanan selemadeg\photo\DSC01395.jpg""/>",,"<img Src=""D:\DATA PEMETAAN JARINGAN ARGIS PDAM KAB.TABANAN\TRANSFERAN DATA DARI GPS\data gps seluruh MA PDAM tabanan\unit pelayanan selemadeg\photo\DSC01396.jpg""/>",,"<img Src=""D:\DATA PEMETAAN JARINGAN ARGIS PDAM KAB.TABANAN\TRANSFERAN DATA DARI GPS\data gps seluruh MA PDAM tabanan\unit pelayanan selemadeg\photo\DSC01397.jpg""/>",,"<img Src=""D:\DATA PEMETAAN JARINGAN ARGIS PDAM KAB.TABANAN\TRANSFERAN DATA DARI GPS\data gps seluruh MA PDAM tabanan\unit pelayanan selemadeg\photo\DSC01398.jpg""/>",Selemadeg,286350.975161,9072227.6677,./0.png
115.040313000041,-8.37747099999942,5,"493",Waypoint,619.605,2017-06-21T04:46:36Z,2017-06-21 12:46:36pm,"Flag, Blue",MA. Mekori,,Br. Pemudungan,Ds. Belimbing,Pupuan,"5,4","5,4",,,,,,,,,,,,,"<img Src=""D:\DATA PEMETAAN JARINGAN ARGIS PDAM KAB.TABANAN\TRANSFERAN DATA DARI GPS\data gps seluruh MA PDAM tabanan\unit pelayanan selemadeg\photo\DSC01400.jpg""/>",,"<img Src=""D:\DATA PEMETAAN JARINGAN ARGIS PDAM KAB.TABANAN\TRANSFERAN DATA DARI GPS\data gps seluruh MA PDAM tabanan\unit pelayanan selemadeg\photo\DSC01402.jpg""/>",,"<img Src=""D:\DATA PEMETAAN JARINGAN ARGIS PDAM KAB.TABANAN\TRANSFERAN DATA DARI GPS\data gps seluruh MA PDAM tabanan\unit pelayanan selemadeg\photo\DSC01403.jpg""/>",,"<img Src=""D:\DATA PEMETAAN JARINGAN ARGIS PDAM KAB.TABANAN\TRANSFERAN DATA DARI GPS\data gps seluruh MA PDAM tabanan\unit pelayanan selemadeg\photo\DSC01399.jpg""/>",,"<img Src=""D:\DATA PEMETAAN JARINGAN ARGIS PDAM KAB.TABANAN\TRANSFERAN DATA DARI GPS\data gps seluruh MA PDAM tabanan\unit pelayanan selemadeg\photo\DSC01401.jpg""/>",Selemadeg,284206.818834,9073433.93466,./0.png
115.023323000044,-8.50114799999938,6,"494",Waypoint,112.183,2017-06-21T06:31:51Z,2017-06-21 2:31:51pm,"Flag, Blue",IPA Antap,,Br. Bajra Kaja,Ds. Bajra,Selemadeg,"10","250",,,,,,,,,,,,,"<img Src=""D:\DATA PEMETAAN JARINGAN ARGIS PDAM KAB.TABANAN\TRANSFERAN DATA DARI GPS\data gps seluruh MA PDAM tabanan\unit pelayanan selemadeg\photo\DSC01407.jpg""/>",,"<img Src=""D:\DATA PEMETAAN JARINGAN ARGIS PDAM KAB.TABANAN\TRANSFERAN DATA DARI GPS\data gps seluruh MA PDAM tabanan\unit pelayanan selemadeg\photo\DSC01404.jpg""/>",,"<img Src=""D:\DATA PEMETAAN JARINGAN ARGIS PDAM KAB.TABANAN\TRANSFERAN DATA DARI GPS\data gps seluruh MA PDAM tabanan\unit pelayanan selemadeg\photo\DSC01405.jpg""/>",,"<img Src=""D:\DATA PEMETAAN JARINGAN ARGIS PDAM KAB.TABANAN\TRANSFERAN DATA DARI GPS\data gps seluruh MA PDAM tabanan\unit pelayanan selemadeg\photo\DSC01406.jpg""/>",,"<img Src=""D:\DATA PEMETAAN JARINGAN ARGIS PDAM KAB.TABANAN\TRANSFERAN DATA DARI GPS\data gps seluruh MA PDAM tabanan\unit pelayanan selemadeg\photo\DSC01409.jpg""/>",Selemadeg,282404.529678,9059743.73981,./0.png
115.020066740481,-8.31881123941643,8,"496",Waypoint,603.957,2017-06-22T02:04:11Z,2017-06-22 10:04:11am,"Flag, Blue",Resv. Pupuan,,Br. Pupuan,Ds. Pupuan,Pupuan,,,,,,,,,,,,,,,,,"<img Src=""D:\DATA PEMETAAN JARINGAN ARGIS PDAM KAB.TABANAN\TRANSFERAN DATA DARI GPS\data gps seluruh MA PDAM tabanan\unit pelayanan selemadeg\photo\DSC01410.jpg""/>",,"<img Src=""D:\DATA PEMETAAN JARINGAN ARGIS PDAM KAB.TABANAN\TRANSFERAN DATA DARI GPS\data gps seluruh MA PDAM tabanan\unit pelayanan selemadeg\photo\DSC01411.jpg""/>",,"<img Src=""D:\DATA PEMETAAN JARINGAN ARGIS PDAM KAB.TABANAN\TRANSFERAN DATA DARI GPS\data gps seluruh MA PDAM tabanan\unit pelayanan selemadeg\photo\DSC01412.jpg""/>",,"<img Src=""D:\DATA PEMETAAN JARINGAN ARGIS PDAM KAB.TABANAN\TRANSFERAN DATA DARI GPS\data gps seluruh MA PDAM tabanan\unit pelayanan selemadeg\photo\DSC01413.jpg""/>",Selemadeg,281937.608931,9079931.21809,./0.png
115.112845000001,-8.50211799999998,33,"414",Waypoint,175.436,2017-06-20T01:38:30Z,2017-06-20 9:38:30am,"Flag, Blue",Resv. Jangkahan,,Br. Jangkahan,Ds. Batuaji,Kerambitan,,,,,,,,,,,,,,,,,,,,,,,,,292263.277299,9059685.60393,./0.png
115.112816000001,-8.50207699999998,34,"415",Waypoint,174.148,2017-06-20T01:40:32Z,2017-06-20 9:40:32am,"Flag, Blue",Resv. Jangkahan,,Br. Jangkahan,Ds. Batuaji,Kerambitan,,,,,,,,,,,,,,,,,,,,,,,,,292260.061794,9059690.12347,./0.png
115.109025000001,-8.48571799999999,35,"416",Waypoint,192.483,2017-06-20T02:03:20Z,2017-06-20 10:03:20am,"Flag, Blue",MA. Kesiut,,Br. Kesiut Kawan,Ds. Kesiut,Kerambitan,,,,,,,,,,,,,,,,,,,,,,,,,291833.781083,9061497.59377,./0.png
115.029644000043,-8.31594899999941,9,"497",Waypoint,689.977,2017-06-22T02:33:53Z,2017-06-22 10:33:53am,"Flag, Blue",MA. Yeh Hae,,Br. Pupuan,Ds. Pupuan,Pupuan,"15","16,20",,,,,,,,,,,,,"<img Src=""D:\DATA PEMETAAN JARINGAN ARGIS PDAM KAB.TABANAN\TRANSFERAN DATA DARI GPS\data gps seluruh MA PDAM tabanan\unit pelayanan selemadeg\photo\DSC01414.jpg""/>",,"<img Src=""D:\DATA PEMETAAN JARINGAN ARGIS PDAM KAB.TABANAN\TRANSFERAN DATA DARI GPS\data gps seluruh MA PDAM tabanan\unit pelayanan selemadeg\photo\DSC01415.jpg""/>",,"<img Src=""D:\DATA PEMETAAN JARINGAN ARGIS PDAM KAB.TABANAN\TRANSFERAN DATA DARI GPS\data gps seluruh MA PDAM tabanan\unit pelayanan selemadeg\photo\DSC01416.jpg""/>",,"<img Src=""D:\DATA PEMETAAN JARINGAN ARGIS PDAM KAB.TABANAN\TRANSFERAN DATA DARI GPS\data gps seluruh MA PDAM tabanan\unit pelayanan selemadeg\photo\DSC01417.jpg""/>",,"<img Src=""D:\DATA PEMETAAN JARINGAN ARGIS PDAM KAB.TABANAN\TRANSFERAN DATA DARI GPS\data gps seluruh MA PDAM tabanan\unit pelayanan selemadeg\photo\DSC01418.jpg""/>",Selemadeg,282997.558067,9080233.40844,./0.png
114.961990000053,-8.43502399999922,12,"499",Waypoint,481.268,2017-06-22T04:44:51Z,2017-06-22 12:44:51pm,"Flag, Blue",Resv. Beji Dukuh,,Br. Dukuh,Ds. Mundeh Kauh,Selemadeg,,,,,,,,,,,,,,,"<img Src=""D:\DATA PEMETAAN JARINGAN ARGIS PDAM KAB.TABANAN\TRANSFERAN DATA DARI GPS\data gps seluruh MA PDAM tabanan\unit pelayanan selemadeg\photo\DSC01425.jpg""/>",,"<img Src=""D:\DATA PEMETAAN JARINGAN ARGIS PDAM KAB.TABANAN\TRANSFERAN DATA DARI GPS\data gps seluruh MA PDAM tabanan\unit pelayanan selemadeg\photo\DSC01423.jpg""/>",,"<img Src=""D:\DATA PEMETAAN JARINGAN ARGIS PDAM KAB.TABANAN\TRANSFERAN DATA DARI GPS\data gps seluruh MA PDAM tabanan\unit pelayanan selemadeg\photo\DSC01424.jpg""/>",,"<img Src=""D:\DATA PEMETAAN JARINGAN ARGIS PDAM KAB.TABANAN\TRANSFERAN DATA DARI GPS\data gps seluruh MA PDAM tabanan\unit pelayanan selemadeg\photo\DSC01426.jpg""/>",,"<img Src=""D:\DATA PEMETAAN JARINGAN ARGIS PDAM KAB.TABANAN\TRANSFERAN DATA DARI GPS\data gps seluruh MA PDAM tabanan\unit pelayanan selemadeg\photo\DSC01427.jpg""/>",Selemadeg,275611.872039,9067023.48003,./0.png
114.965028000053,-8.43516399999923,13,"500",Waypoint,359.866,2017-06-22T05:01:14Z,2017-06-22 1:01:14pm,"Flag, Blue",MA. Beji Dukuh,,Br. Dukuh,Ds. Mundeh Kauh,Selemadeg,,,,,,,,,,,,,,,"<img Src=""D:\DATA PEMETAAN JARINGAN ARGIS PDAM KAB.TABANAN\TRANSFERAN DATA DARI GPS\data gps seluruh MA PDAM tabanan\unit pelayanan selemadeg\photo\DSC01434.jpg""/>",,"<img Src=""D:\DATA PEMETAAN JARINGAN ARGIS PDAM KAB.TABANAN\TRANSFERAN DATA DARI GPS\data gps seluruh MA PDAM tabanan\unit pelayanan selemadeg\photo\DSC01428.jpg""/>",,"<img Src=""D:\DATA PEMETAAN JARINGAN ARGIS PDAM KAB.TABANAN\TRANSFERAN DATA DARI GPS\data gps seluruh MA PDAM tabanan\unit pelayanan selemadeg\photo\DSC01429.jpg""/>",,"<img Src=""D:\DATA PEMETAAN JARINGAN ARGIS PDAM KAB.TABANAN\TRANSFERAN DATA DARI GPS\data gps seluruh MA PDAM tabanan\unit pelayanan selemadeg\photo\DSC01431.jpg""/>",,"<img Src=""D:\DATA PEMETAAN JARINGAN ARGIS PDAM KAB.TABANAN\TRANSFERAN DATA DARI GPS\data gps seluruh MA PDAM tabanan\unit pelayanan selemadeg\photo\DSC01433.jpg""/>",Selemadeg,275946.577026,9067009.73848,./0.png
114.965503000053,-8.43468699999922,14,"501",Waypoint,366.752,2017-06-22T05:09:53Z,2017-06-22 1:09:53pm,"Flag, Blue",MA. Beji Dukuh,,Br. Dukuh,Ds. Mundeh Kauh,Selemadeg,"5","6",,,,,,,,,,,,,,,"<img Src=""D:\DATA PEMETAAN JARINGAN ARGIS PDAM KAB.TABANAN\TRANSFERAN DATA DARI GPS\data gps seluruh MA PDAM tabanan\unit pelayanan selemadeg\photo\DSC01435.jpg""/>",,"<img Src=""D:\DATA PEMETAAN JARINGAN ARGIS PDAM KAB.TABANAN\TRANSFERAN DATA DARI GPS\data gps seluruh MA PDAM tabanan\unit pelayanan selemadeg\photo\DSC01436.jpg""/>",,"<img Src=""D:\DATA PEMETAAN JARINGAN ARGIS PDAM KAB.TABANAN\TRANSFERAN DATA DARI GPS\data gps seluruh MA PDAM tabanan\unit pelayanan selemadeg\photo\DSC01437.jpg""/>",,"<img Src=""D:\DATA PEMETAAN JARINGAN ARGIS PDAM KAB.TABANAN\TRANSFERAN DATA DARI GPS\data gps seluruh MA PDAM tabanan\unit pelayanan selemadeg\photo\DSC01438.jpg""/>",Selemadeg,275998.621457,9067062.77742,./0.png
114.974237365873,-8.4902995509873,15,"502",Waypoint,54.4819,2017-06-22T06:22:14Z,2017-06-22 2:22:14pm,"Flag, Blue",IPA Lalanglinggah,,Br. Lalanglinggah,Ds. Lalanglinggah,Selemadeg,"8","10",,,,,,,,,,,,,,,"<img Src=""D:\DATA PEMETAAN JARINGAN ARGIS PDAM KAB.TABANAN\TRANSFERAN DATA DARI GPS\data gps seluruh MA PDAM tabanan\unit pelayanan selemadeg\photo\DSC01440.jpg""/>",,"<img Src=""D:\DATA PEMETAAN JARINGAN ARGIS PDAM KAB.TABANAN\TRANSFERAN DATA DARI GPS\data gps seluruh MA PDAM tabanan\unit pelayanan selemadeg\photo\DSC01441.jpg""/>",,"<img Src=""D:\DATA PEMETAAN JARINGAN ARGIS PDAM KAB.TABANAN\TRANSFERAN DATA DARI GPS\data gps seluruh MA PDAM tabanan\unit pelayanan selemadeg\photo\DSC01442.jpg""/>",,"<img Src=""D:\DATA PEMETAAN JARINGAN ARGIS PDAM KAB.TABANAN\TRANSFERAN DATA DARI GPS\data gps seluruh MA PDAM tabanan\unit pelayanan selemadeg\photo\DSC01443.jpg""/>",Selemadeg,276996.535119,9060911.64853,./0.png
115.194904150873,-8.38786300754824,16,"479",Waypoint,524.357,2017-06-16T01:25:10Z,2017-06-16 9:25:10am,"Flag, Blue",Resv. Kantor Unit Baturiti,,Br. Baturiti Kaja,Ds. Baturiti,Baturiti,,,,,,,,,,,,,,,,,"<img Src=""D:\DATA PEMETAAN JARINGAN ARGIS PDAM KAB.TABANAN\TRANSFERAN DATA DARI GPS\data gps seluruh MA PDAM tabanan\unit pelayanan baturiti\photo\DSC01336.jpg""/>",,"<img Src=""D:\DATA PEMETAAN JARINGAN ARGIS PDAM KAB.TABANAN\TRANSFERAN DATA DARI GPS\data gps seluruh MA PDAM tabanan\unit pelayanan baturiti\photo\DSC01337.jpg""/>",,"<img Src=""D:\DATA PEMETAAN JARINGAN ARGIS PDAM KAB.TABANAN\TRANSFERAN DATA DARI GPS\data gps seluruh MA PDAM tabanan\unit pelayanan baturiti\photo\DSC01338.jpg""/>",,"<img Src=""D:\DATA PEMETAAN JARINGAN ARGIS PDAM KAB.TABANAN\TRANSFERAN DATA DARI GPS\data gps seluruh MA PDAM tabanan\unit pelayanan baturiti\photo\DSC01335.jpg""/>",,301241.605176,9072375.11227,./0.png
115.19937763307,-8.36621865446273,17,"480",Waypoint,525.747,2017-06-16T02:01:21Z,2017-06-16 10:01:21am,"Flag, Blue",MA. Kerobokan,,,Ds. Mekarsari,Baturiti,,,,,,,,,,,,,,,,,"<img Src=""D:\DATA PEMETAAN JARINGAN ARGIS PDAM KAB.TABANAN\TRANSFERAN DATA DARI GPS\data gps seluruh MA PDAM tabanan\unit pelayanan baturiti\photo\DSC01342.jpg""/>",,"<img Src=""D:\DATA PEMETAAN JARINGAN ARGIS PDAM KAB.TABANAN\TRANSFERAN DATA DARI GPS\data gps seluruh MA PDAM tabanan\unit pelayanan baturiti\photo\DSC01339.jpg""/>",,"<img Src=""D:\DATA PEMETAAN JARINGAN ARGIS PDAM KAB.TABANAN\TRANSFERAN DATA DARI GPS\data gps seluruh MA PDAM tabanan\unit pelayanan baturiti\photo\DSC01340.jpg""/>",,"<img Src=""D:\DATA PEMETAAN JARINGAN ARGIS PDAM KAB.TABANAN\TRANSFERAN DATA DARI GPS\data gps seluruh MA PDAM tabanan\unit pelayanan baturiti\photo\DSC01341.jpg""/>",Baturiti,294731.01653,9059759.51558,./0.png
115.200958000024,-8.37027299999971,18,"481",Waypoint,572.886,2017-06-16T02:54:52Z,2017-06-16 10:54:52am,"Flag, Blue",MA. Beji Temacun,,Br. Temacun,Ds. Mekarsari,Baturiti,"3,5","8",,,,,,,,,,,,,,,"<img Src=""D:\DATA PEMETAAN JARINGAN ARGIS PDAM KAB.TABANAN\TRANSFERAN DATA DARI GPS\data gps seluruh MA PDAM tabanan\unit pelayanan baturiti\photo\DSC01343.jpg""/>",,"<img Src=""D:\DATA PEMETAAN JARINGAN ARGIS PDAM KAB.TABANAN\TRANSFERAN DATA DARI GPS\data gps seluruh MA PDAM tabanan\unit pelayanan baturiti\photo\DSC01344.jpg""/>",,"<img Src=""D:\DATA PEMETAAN JARINGAN ARGIS PDAM KAB.TABANAN\TRANSFERAN DATA DARI GPS\data gps seluruh MA PDAM tabanan\unit pelayanan baturiti\photo\DSC01345.jpg""/>",,"<img Src=""D:\DATA PEMETAAN JARINGAN ARGIS PDAM KAB.TABANAN\TRANSFERAN DATA DARI GPS\data gps seluruh MA PDAM tabanan\unit pelayanan baturiti\photo\DSC01346.jpg""/>",Baturiti,301898.641698,9074314.67404,./0.png
115.105831000001,-8.48425599999999,37,"418",Waypoint,197.223,2017-06-20T02:28:12Z,2017-06-20 10:28:12am,"Flag, Blue",Resv. MA Krotok,,Br. Kesiut Kawan,Ds. Kesiut,Kerambitan,,,,,,,,,,,,,,,,,,,,,,,,,291481.260163,9061657.59406,./0.png
115.203090000024,-8.38890499999972,19,"482",Waypoint,604.05,2017-06-16T03:33:47Z,2017-06-16 11:33:47am,"Flag, Blue",Resv. Bukit Gede,,Br. Poyan,Ds. Luwus,Baturiti,,,,,,,,,,,,,,,"<img Src=""D:\DATA PEMETAAN JARINGAN ARGIS PDAM KAB.TABANAN\TRANSFERAN DATA DARI GPS\data gps seluruh MA PDAM tabanan\unit pelayanan baturiti\photo\DSC01347.jpg""/>",,"<img Src=""D:\DATA PEMETAAN JARINGAN ARGIS PDAM KAB.TABANAN\TRANSFERAN DATA DARI GPS\data gps seluruh MA PDAM tabanan\unit pelayanan baturiti\photo\DSC01349.jpg""/>",,"<img Src=""D:\DATA PEMETAAN JARINGAN ARGIS PDAM KAB.TABANAN\TRANSFERAN DATA DARI GPS\data gps seluruh MA PDAM tabanan\unit pelayanan baturiti\photo\DSC01350.jpg""/>",,"<img Src=""D:\DATA PEMETAAN JARINGAN ARGIS PDAM KAB.TABANAN\TRANSFERAN DATA DARI GPS\data gps seluruh MA PDAM tabanan\unit pelayanan baturiti\photo\DSC01351.jpg""/>",,"<img Src=""D:\DATA PEMETAAN JARINGAN ARGIS PDAM KAB.TABANAN\TRANSFERAN DATA DARI GPS\data gps seluruh MA PDAM tabanan\unit pelayanan baturiti\photo\DSC01348.jpg""/>",Baturiti,302142.902859,9072254.93519,./0.png
115.187095000025,-8.38822099999969,20,"483",Waypoint,494.172,2017-06-16T04:45:20Z,2017-06-16 12:45:20pm,"Flag, Blue",Ma. Tasakan,,Br. Punjuan,Ds. Luwus,Baturiti,"8","12",,,,,,,,,,,,,"<img Src=""D:\DATA PEMETAAN JARINGAN ARGIS PDAM KAB.TABANAN\TRANSFERAN DATA DARI GPS\data gps seluruh MA PDAM tabanan\unit pelayanan baturiti\photo\DSC01356.jpg""/>",,"<img Src=""D:\DATA PEMETAAN JARINGAN ARGIS PDAM KAB.TABANAN\TRANSFERAN DATA DARI GPS\data gps seluruh MA PDAM tabanan\unit pelayanan baturiti\photo\DSC01355.jpg""/>",,"<img Src=""D:\DATA PEMETAAN JARINGAN ARGIS PDAM KAB.TABANAN\TRANSFERAN DATA DARI GPS\data gps seluruh MA PDAM tabanan\unit pelayanan baturiti\photo\DSC01352.jpg""/>",,"<img Src=""D:\DATA PEMETAAN JARINGAN ARGIS PDAM KAB.TABANAN\TRANSFERAN DATA DARI GPS\data gps seluruh MA PDAM tabanan\unit pelayanan baturiti\photo\DSC01353.jpg""/>",,"<img Src=""D:\DATA PEMETAAN JARINGAN ARGIS PDAM KAB.TABANAN\TRANSFERAN DATA DARI GPS\data gps seluruh MA PDAM tabanan\unit pelayanan baturiti\photo\DSC01354.jpg""/>",Baturiti,300380.78577,9072322.49092,./0.png
115.193759000024,-8.40926499999969,21,"484",Waypoint,457.922,2017-06-16T05:22:48Z,2017-06-16 1:22:48pm,"Flag, Blue",Resv. Palean,,Br. Palean,Ds. Luwus,Baturiti,,,,,,,,,,,,,,,,,"<img Src=""D:\DATA PEMETAAN JARINGAN ARGIS PDAM KAB.TABANAN\TRANSFERAN DATA DARI GPS\data gps seluruh MA PDAM tabanan\unit pelayanan baturiti\photo\DSC01358.jpg""/>",,"<img Src=""D:\DATA PEMETAAN JARINGAN ARGIS PDAM KAB.TABANAN\TRANSFERAN DATA DARI GPS\data gps seluruh MA PDAM tabanan\unit pelayanan baturiti\photo\DSC01359.jpg""/>",,"<img Src=""D:\DATA PEMETAAN JARINGAN ARGIS PDAM KAB.TABANAN\TRANSFERAN DATA DARI GPS\data gps seluruh MA PDAM tabanan\unit pelayanan baturiti\photo\DSC01360.jpg""/>",,"<img Src=""D:\DATA PEMETAAN JARINGAN ARGIS PDAM KAB.TABANAN\TRANSFERAN DATA DARI GPS\data gps seluruh MA PDAM tabanan\unit pelayanan baturiti\photo\DSC01361.jpg""/>",Baturiti,301125.515748,9069998.26659,./0.png
115.212572000023,-8.43713499999973,22,"485",Waypoint,379.992,2017-06-16T06:01:34Z,2017-06-16 2:01:34pm,"Flag, Blue",Resv. Basang Be,,Br. Basang Be,"Ds, Perean Kangin",Baturiti,,,,,,,,,,,,,,,"<img Src=""D:\DATA PEMETAAN JARINGAN ARGIS PDAM KAB.TABANAN\TRANSFERAN DATA DARI GPS\data gps seluruh MA PDAM tabanan\unit pelayanan baturiti\photo\DSC01366.jpg""/>",,"<img Src=""D:\DATA PEMETAAN JARINGAN ARGIS PDAM KAB.TABANAN\TRANSFERAN DATA DARI GPS\data gps seluruh MA PDAM tabanan\unit pelayanan baturiti\photo\DSC01364.jpg""/>",,"<img Src=""D:\DATA PEMETAAN JARINGAN ARGIS PDAM KAB.TABANAN\TRANSFERAN DATA DARI GPS\data gps seluruh MA PDAM tabanan\unit pelayanan baturiti\photo\DSC01365.jpg""/>",,"<img Src=""D:\DATA PEMETAAN JARINGAN ARGIS PDAM KAB.TABANAN\TRANSFERAN DATA DARI GPS\data gps seluruh MA PDAM tabanan\unit pelayanan baturiti\photo\DSC01362.jpg""/>",,"<img Src=""D:\DATA PEMETAAN JARINGAN ARGIS PDAM KAB.TABANAN\TRANSFERAN DATA DARI GPS\data gps seluruh MA PDAM tabanan\unit pelayanan baturiti\photo\DSC01363.jpg""/>",Baturiti,303211.64614,9066925.19128,./0.png
115.209606000023,-8.40952599999972,23,"486",Waypoint,374.954,2017-06-16T06:30:02Z,2017-06-16 2:30:02pm,"Flag, Blue",MA. Kacagan II,,Br. Batugaing,Ds. Perean Kangin,Baturiti,"8","8",,,,,,,,,,,,,,,"<img Src=""D:\DATA PEMETAAN JARINGAN ARGIS PDAM KAB.TABANAN\TRANSFERAN DATA DARI GPS\data gps seluruh MA PDAM tabanan\unit pelayanan baturiti\photo\DSC01368.jpg""/>",,"<img Src=""D:\DATA PEMETAAN JARINGAN ARGIS PDAM KAB.TABANAN\TRANSFERAN DATA DARI GPS\data gps seluruh MA PDAM tabanan\unit pelayanan baturiti\photo\DSC01369.jpg""/>",,"<img Src=""D:\DATA PEMETAAN JARINGAN ARGIS PDAM KAB.TABANAN\TRANSFERAN DATA DARI GPS\data gps seluruh MA PDAM tabanan\unit pelayanan baturiti\photo\DSC01370.jpg""/>",,"<img Src=""D:\DATA PEMETAAN JARINGAN ARGIS PDAM KAB.TABANAN\TRANSFERAN DATA DARI GPS\data gps seluruh MA PDAM tabanan\unit pelayanan baturiti\photo\DSC01367.jpg""/>",Baturiti,302871.016775,9069977.41251,./0.png
115.165265000027,-8.28072499999965,24,"487",Waypoint,1212.24,2017-06-16T07:24:20Z,2017-06-16 3:24:20pm,"Flag, Blue",IPA Danau Beratan,,,,Baturiti,"36","70",,,,,,,,,,,,,,,"<img Src=""D:\DATA PEMETAAN JARINGAN ARGIS PDAM KAB.TABANAN\TRANSFERAN DATA DARI GPS\data gps seluruh MA PDAM tabanan\unit pelayanan baturiti\photo\DSC01374.jpg""/>",,"<img Src=""D:\DATA PEMETAAN JARINGAN ARGIS PDAM KAB.TABANAN\TRANSFERAN DATA DARI GPS\data gps seluruh MA PDAM tabanan\unit pelayanan baturiti\photo\DSC01371.jpg""/>",,"<img Src=""D:\DATA PEMETAAN JARINGAN ARGIS PDAM KAB.TABANAN\TRANSFERAN DATA DARI GPS\data gps seluruh MA PDAM tabanan\unit pelayanan baturiti\photo\DSC01372.jpg""/>",,"<img Src=""D:\DATA PEMETAAN JARINGAN ARGIS PDAM KAB.TABANAN\TRANSFERAN DATA DARI GPS\data gps seluruh MA PDAM tabanan\unit pelayanan baturiti\photo\DSC01373.jpg""/>",Baturiti,297921.08581,9084201.24543,./0.png
115.152036000029,-8.29016199999963,25,"488",Waypoint,1379.88,2017-06-16T07:42:42Z,2017-06-16 3:42:42pm,"Flag, Blue",WTP Candi Kuning,,,,Baturiti,"34","70",,,,,,,,,,,,,"<img Src=""D:\DATA PEMETAAN JARINGAN ARGIS PDAM KAB.TABANAN\TRANSFERAN DATA DARI GPS\data gps seluruh MA PDAM tabanan\unit pelayanan baturiti\photo\DSC01378.jpg""/>",,"<img Src=""D:\DATA PEMETAAN JARINGAN ARGIS PDAM KAB.TABANAN\TRANSFERAN DATA DARI GPS\data gps seluruh MA PDAM tabanan\unit pelayanan baturiti\photo\DSC01376.jpg""/>",,"<img Src=""D:\DATA PEMETAAN JARINGAN ARGIS PDAM KAB.TABANAN\TRANSFERAN DATA DARI GPS\data gps seluruh MA PDAM tabanan\unit pelayanan baturiti\photo\DSC01377.jpg""/>",,"<img Src=""D:\DATA PEMETAAN JARINGAN ARGIS PDAM KAB.TABANAN\TRANSFERAN DATA DARI GPS\data gps seluruh MA PDAM tabanan\unit pelayanan baturiti\photo\DSC01379.jpg""/>",,"<img Src=""D:\DATA PEMETAAN JARINGAN ARGIS PDAM KAB.TABANAN\TRANSFERAN DATA DARI GPS\data gps seluruh MA PDAM tabanan\unit pelayanan baturiti\photo\DSC01375.jpg""/>",Baturiti,296468.402309,9083150.68334,./0.png
115.111495000001,-8.50888799999998,26,"407",Waypoint,141.808,2017-06-20T00:17:02Z,2017-06-20 8:17:02am,"Flag, Blue",Resv. MA Tibu Ranjang,,Br. Penulisan,Ds. Batuaji,Kerambitan,,,,,,,,,,,,,,,"<img Src=""D:\DATA PEMETAAN JARINGAN ARGIS PDAM KAB.TABANAN\TRANSFERAN DATA DARI GPS\data gps seluruh MA PDAM tabanan\unit pelayanan kerambitan\photo\DSC00040.jpg""/>",,"<img Src=""D:\DATA PEMETAAN JARINGAN ARGIS PDAM KAB.TABANAN\TRANSFERAN DATA DARI GPS\data gps seluruh MA PDAM tabanan\unit pelayanan kerambitan\photo\DSC00042.jpg""/>",,"<img Src=""D:\DATA PEMETAAN JARINGAN ARGIS PDAM KAB.TABANAN\TRANSFERAN DATA DARI GPS\data gps seluruh MA PDAM tabanan\unit pelayanan kerambitan\photo\DSC00041.jpg""/>",,"<img Src=""D:\DATA PEMETAAN JARINGAN ARGIS PDAM KAB.TABANAN\TRANSFERAN DATA DARI GPS\data gps seluruh MA PDAM tabanan\unit pelayanan kerambitan\photo\DSC00044.jpg""/>",,"<img Src=""D:\DATA PEMETAAN JARINGAN ARGIS PDAM KAB.TABANAN\TRANSFERAN DATA DARI GPS\data gps seluruh MA PDAM tabanan\unit pelayanan kerambitan\photo\DSC00043.jpg""/>",,292118.270401,9058936.03511,./0.png
115.102747000001,-8.47819199999998,38,"421",Waypoint,230.459,2017-06-20T02:45:44Z,2017-06-20 10:45:44am,"Flag, Blue",Resv. Timpag,,Br. Telaga Tunjung Kelod,Ds. Timpag,Kerambitan,,,,,,,,,,,,,,,,,,,,,,,,,291138.362983,9062326.69029,./0.png
115.098631000001,-8.47505799999998,39,"422",Waypoint,194.237,2017-06-20T02:58:23Z,2017-06-20 10:58:23am,"Flag, Blue",IPA Telaga Tunjung,,Br. Telaga Tunjung Kaja,Ds. Timpag,Kerambitan,,,,,,,,,,,,,,,,,,,,,,,,,290683.391168,9062671.13473,./0.png
115.078428000001,-8.50915099999999,40,"423",Waypoint,153.863,2017-06-20T04:10:48Z,2017-06-20 12:10:48pm,"Flag, Blue",Resv. Meliling,,Br. Meliling,Ds. Meliling,Kerambitan,,,,,,,,,,,,,,,,,,,,,,,,,288477.18238,9058889.02327,./0.png
115.081699000036,-8.41096799999951,41,"424",Waypoint,526.914,2017-06-21T02:16:34Z,2017-06-21 10:16:34am,"Flag, Blue",MA. Klepud Gadungan,,Br. Gempinis Kangin,Ds. Dalang,Selemadeg Timur,,,,,,,,,,,,,,,,,,,,,,,,,288783.862084,9069751.20266,./0.png
115.081715000036,-8.41101899999951,42,"425",Waypoint,525.952,2017-06-21T02:18:00Z,2017-06-21 10:18:00am,"Flag, Blue",Resv. MA Klepud,,Br. Gempinis Kangin,Ds. Dalang,Selemadeg Timur,,,,,,,,,,,,,,,,,,,,,,,,,288785.65205,9069745.57,./0.png
115.074901868565,-8.41526857276115,43,"426",Waypoint,578.354,2017-06-21T03:00:52Z,2017-06-21 11:00:52am,"Flag, Blue",Resv. Gempinis Kawan,,Br. Gempinis Kawan,Ds. Gunung Salak,Selemadeg Timur,,,,,,,,,,,,,,,,,,,,,,,,,288039.749135,9069270.79297,./0.png
115.067296000038,-8.43122899999948,44,"427",Waypoint,449.329,2017-06-21T03:21:57Z,2017-06-21 11:21:57am,"Flag, Blue",Bronkaptering MA. Tista,,Br. Kanciana,Ds. Gunung Salak,Selemadeg Timur,,,,,,,,,,,,,,,,,,,,,,,,,287208.505577,9067502.24117,./0.png
115.067712000038,-8.43056299999949,45,"428",Waypoint,466.189,2017-06-21T03:40:07Z,2017-06-21 11:40:07am,"Flag, Blue",MA. Tista,,Br. Kanciana,Ds. Gunung Salak,Selemadeg Timur,,,,,,,,,,,,,,,,,,,,,,,,,287253.959677,9067576.13711,./0.png
115.04879500004,-8.45610099999945,46,"429",Waypoint,223.75,2017-06-21T04:56:09Z,2017-06-21 12:56:09pm,"Flag, Blue",Intake IPA Guniang,,Br. Cangkup,Ds. Manik Yang,Selemadeg Timur,,,,,,,,,,,,,,,,,,,,,,,,,285184.54567,9064740.87537,./0.png
115.046238463279,-8.46778259103894,47,"430",Waypoint,206.199,2017-06-21T05:12:24Z,2017-06-21 1:12:24pm,"Flag, Blue",IPA Guniang,,Br. Guniang,Ds. Manik Yang,Selemadeg,,,,,,,,,,,,,,,,,,,,,,,,,284918.252582,9063442.42443,./0.png
115.146630000029,-8.57737099999961,48,"463",Waypoint,106.734,2017-06-02T00:42:43Z,2017-06-02 8:42:43am,"Flag, Blue",Resv. MA Beji Nyambu,,,Ds. Nyambu,Kediri,,,,,,,,,,,,,,,,,"<img Src=""D:\DATA PEMETAAN JARINGAN ARGIS PDAM KAB.TABANAN\TRANSFERAN DATA DARI GPS\data gps seluruh MA PDAM tabanan\unit pelayanan kota\photo\DSC01269.jpg""/>",,"<img Src=""D:\DATA PEMETAAN JARINGAN ARGIS PDAM KAB.TABANAN\TRANSFERAN DATA DARI GPS\data gps seluruh MA PDAM tabanan\unit pelayanan kota\photo\DSC01266.jpg""/>",,"<img Src=""D:\DATA PEMETAAN JARINGAN ARGIS PDAM KAB.TABANAN\TRANSFERAN DATA DARI GPS\data gps seluruh MA PDAM tabanan\unit pelayanan kota\photo\DSC01267.jpg""/>",,"<img Src=""D:\DATA PEMETAAN JARINGAN ARGIS PDAM KAB.TABANAN\TRANSFERAN DATA DARI GPS\data gps seluruh MA PDAM tabanan\unit pelayanan kota\photo\DSC01268.jpg""/>",Kota Kec. Tabanan,296023.564293,9051379.81457,./0.png
115.140653000029,-8.57598299999963,49,"464",Waypoint,233.389,2017-06-02T01:04:23Z,2017-06-02 9:04:23am,"Flag, Blue",MA. Beji Nyambu,,,Ds. Nyambu,Kediri,"12","12","23.380","195983",,,,,,,,,,,,,"<img Src=""D:\DATA PEMETAAN JARINGAN ARGIS PDAM KAB.TABANAN\TRANSFERAN DATA DARI GPS\data gps seluruh MA PDAM tabanan\unit pelayanan kota\photo\DSC01273.jpg""/>",,"<img Src=""D:\DATA PEMETAAN JARINGAN ARGIS PDAM KAB.TABANAN\TRANSFERAN DATA DARI GPS\data gps seluruh MA PDAM tabanan\unit pelayanan kota\photo\DSC01270.jpg""/>",,"<img Src=""D:\DATA PEMETAAN JARINGAN ARGIS PDAM KAB.TABANAN\TRANSFERAN DATA DARI GPS\data gps seluruh MA PDAM tabanan\unit pelayanan kota\photo\DSC01271.jpg""/>",,"<img Src=""D:\DATA PEMETAAN JARINGAN ARGIS PDAM KAB.TABANAN\TRANSFERAN DATA DARI GPS\data gps seluruh MA PDAM tabanan\unit pelayanan kota\photo\DSC01272.jpg""/>",Kota Kec. Tabanan,295364.788175,9051530.1614,./0.png
115.112979000032,-8.61797599999958,50,"465",Waypoint,26.7231,2017-06-02T01:35:14Z,2017-06-02 9:35:14am,"Flag, Blue",IPA Nyanyi,,,Ds. Beraban,Kediri,"106","1.200","106.000","844.893",,,,,,,,,,,,,"<img Src=""D:\DATA PEMETAAN JARINGAN ARGIS PDAM KAB.TABANAN\TRANSFERAN DATA DARI GPS\data gps seluruh MA PDAM tabanan\unit pelayanan kota\photo\DSC01276.jpg""/>",,"<img Src=""D:\DATA PEMETAAN JARINGAN ARGIS PDAM KAB.TABANAN\TRANSFERAN DATA DARI GPS\data gps seluruh MA PDAM tabanan\unit pelayanan kota\photo\DSC01277.jpg""/>",,"<img Src=""D:\DATA PEMETAAN JARINGAN ARGIS PDAM KAB.TABANAN\TRANSFERAN DATA DARI GPS\data gps seluruh MA PDAM tabanan\unit pelayanan kota\photo\DSC01274.jpg""/>",,"<img Src=""D:\DATA PEMETAAN JARINGAN ARGIS PDAM KAB.TABANAN\TRANSFERAN DATA DARI GPS\data gps seluruh MA PDAM tabanan\unit pelayanan kota\photo\DSC01275.jpg""/>",Kota Kec. Tabanan,292340.87948,9046870.34972,./0.png
115.112926000032,-8.61764699999957,51,"466",Waypoint,36.0351,2017-06-02T01:43:39Z,2017-06-02 9:43:39am,"Flag, Blue",Resv. Nyanyi,,,Ds. Beraban,Kediri,,,,,,,,,,,,,,,,,"<img Src=""D:\DATA PEMETAAN JARINGAN ARGIS PDAM KAB.TABANAN\TRANSFERAN DATA DARI GPS\data gps seluruh MA PDAM tabanan\unit pelayanan kota\photo\DSC01278.jpg""/>",,"<img Src=""D:\DATA PEMETAAN JARINGAN ARGIS PDAM KAB.TABANAN\TRANSFERAN DATA DARI GPS\data gps seluruh MA PDAM tabanan\unit pelayanan kota\photo\DSC01279.jpg""/>",,"<img Src=""D:\DATA PEMETAAN JARINGAN ARGIS PDAM KAB.TABANAN\TRANSFERAN DATA DARI GPS\data gps seluruh MA PDAM tabanan\unit pelayanan kota\photo\DSC01280.jpg""/>",,"<img Src=""D:\DATA PEMETAAN JARINGAN ARGIS PDAM KAB.TABANAN\TRANSFERAN DATA DARI GPS\data gps seluruh MA PDAM tabanan\unit pelayanan kota\photo\DSC01281.jpg""/>",Kota Kec. Tabanan,292334.865348,9046906.71248,./0.png
115.126632000031,-8.58372499999958,52,"467",Waypoint,110.41,2017-06-02T02:14:05Z,2017-06-02 10:14:05am,"Flag, Blue",Resv. Pandak,,,Ds. Pandak Gede,Kediri,,,,,,,,,,,,,,,,,"<img Src=""D:\DATA PEMETAAN JARINGAN ARGIS PDAM KAB.TABANAN\TRANSFERAN DATA DARI GPS\data gps seluruh MA PDAM tabanan\unit pelayanan kota\photo\DSC01283.jpg""/>",,"<img Src=""D:\DATA PEMETAAN JARINGAN ARGIS PDAM KAB.TABANAN\TRANSFERAN DATA DARI GPS\data gps seluruh MA PDAM tabanan\unit pelayanan kota\photo\DSC01284.jpg""/>",,"<img Src=""D:\DATA PEMETAAN JARINGAN ARGIS PDAM KAB.TABANAN\TRANSFERAN DATA DARI GPS\data gps seluruh MA PDAM tabanan\unit pelayanan kota\photo\DSC01285.jpg""/>",,"<img Src=""D:\DATA PEMETAAN JARINGAN ARGIS PDAM KAB.TABANAN\TRANSFERAN DATA DARI GPS\data gps seluruh MA PDAM tabanan\unit pelayanan kota\photo\DSC01282.jpg""/>",Kota Kec. Tabanan,293825.322558,9050666.30531,./0.png
115.113754000032,-8.53385599999957,54,"469",Waypoint,128.222,2017-06-02T02:59:37Z,2017-06-02 10:59:37am,"Flag, Blue",Resv. Pesiapan,,,Ds. Dauh Peken,Tabanan,,,,,,,,,,,,,,,,,"<img Src=""D:\DATA PEMETAAN JARINGAN ARGIS PDAM KAB.TABANAN\TRANSFERAN DATA DARI GPS\data gps seluruh MA PDAM tabanan\unit pelayanan kota\photo\DSC01289.jpg""/>",,"<img Src=""D:\DATA PEMETAAN JARINGAN ARGIS PDAM KAB.TABANAN\TRANSFERAN DATA DARI GPS\data gps seluruh MA PDAM tabanan\unit pelayanan kota\photo\DSC01290.jpg""/>",,"<img Src=""D:\DATA PEMETAAN JARINGAN ARGIS PDAM KAB.TABANAN\TRANSFERAN DATA DARI GPS\data gps seluruh MA PDAM tabanan\unit pelayanan kota\photo\DSC01291.jpg""/>",,"<img Src=""D:\DATA PEMETAAN JARINGAN ARGIS PDAM KAB.TABANAN\TRANSFERAN DATA DARI GPS\data gps seluruh MA PDAM tabanan\unit pelayanan kota\photo\DSC01292.jpg""/>",Kota Kec. Tabanan,292380.499243,9056175.48483,./0.png
115.114508000032,-8.53386199999956,55,"470",Waypoint,135.706,2017-06-02T03:09:06Z,2017-06-02 11:09:06am,"Flag, Blue",Sumur Pesiapan,,,Ds. Dauh Peken,Tabanan,,,,,,,,,,,,,,,"<img Src=""D:\DATA PEMETAAN JARINGAN ARGIS PDAM KAB.TABANAN\TRANSFERAN DATA DARI GPS\data gps seluruh MA PDAM tabanan\unit pelayanan kota\photo\DSC01293.jpg""/>",,"<img Src=""D:\DATA PEMETAAN JARINGAN ARGIS PDAM KAB.TABANAN\TRANSFERAN DATA DARI GPS\data gps seluruh MA PDAM tabanan\unit pelayanan kota\photo\DSC01294.jpg""/>",,"<img Src=""D:\DATA PEMETAAN JARINGAN ARGIS PDAM KAB.TABANAN\TRANSFERAN DATA DARI GPS\data gps seluruh MA PDAM tabanan\unit pelayanan kota\photo\DSC01295.jpg""/>",,"<img Src=""D:\DATA PEMETAAN JARINGAN ARGIS PDAM KAB.TABANAN\TRANSFERAN DATA DARI GPS\data gps seluruh MA PDAM tabanan\unit pelayanan kota\photo\DSC01296.jpg""/>",,"<img Src=""D:\DATA PEMETAAN JARINGAN ARGIS PDAM KAB.TABANAN\TRANSFERAN DATA DARI GPS\data gps seluruh MA PDAM tabanan\unit pelayanan kota\photo\DSC01297.jpg""/>",Kota Kec. Tabanan,292463.524275,9056175.22681,./0.png
115.122135000031,-8.50436299999957,56,"471",Waypoint,186.343,2017-06-02T03:24:11Z,2017-06-02 11:24:11am,"Flag, Blue",Resv. Riang Gede,,Br. Riang Delod Sema,Ds. Riang Gede,Penebel,"100",,,,,,,,,,,,,,"<img Src=""D:\DATA PEMETAAN JARINGAN ARGIS PDAM KAB.TABANAN\TRANSFERAN DATA DARI GPS\data gps seluruh MA PDAM tabanan\unit pelayanan kota\photo\DSC01302.jpg""/>",,"<img Src=""D:\DATA PEMETAAN JARINGAN ARGIS PDAM KAB.TABANAN\TRANSFERAN DATA DARI GPS\data gps seluruh MA PDAM tabanan\unit pelayanan kota\photo\DSC01299.jpg""/>",,"<img Src=""D:\DATA PEMETAAN JARINGAN ARGIS PDAM KAB.TABANAN\TRANSFERAN DATA DARI GPS\data gps seluruh MA PDAM tabanan\unit pelayanan kota\photo\DSC01300.jpg""/>",,"<img Src=""D:\DATA PEMETAAN JARINGAN ARGIS PDAM KAB.TABANAN\TRANSFERAN DATA DARI GPS\data gps seluruh MA PDAM tabanan\unit pelayanan kota\photo\DSC01301.jpg""/>",,"<img Src=""D:\DATA PEMETAAN JARINGAN ARGIS PDAM KAB.TABANAN\TRANSFERAN DATA DARI GPS\data gps seluruh MA PDAM tabanan\unit pelayanan kota\photo\DSC01298.jpg""/>",Kerambitan,293287.471497,9059442.25223,./0.png
115.123567000031,-8.50516699999958,57,"472",Waypoint,158.37,2017-06-02T03:34:01Z,2017-06-02 11:34:01am,"Flag, Blue",MA. Riang Gede,,Br. Riang Delod Sema,Ds. Riang Gede,Penebel,,,,,,,,,,,,,,,,,"<img Src=""D:\DATA PEMETAAN JARINGAN ARGIS PDAM KAB.TABANAN\TRANSFERAN DATA DARI GPS\data gps seluruh MA PDAM tabanan\unit pelayanan kota\photo\DSC01303.jpg""/>",,"<img Src=""D:\DATA PEMETAAN JARINGAN ARGIS PDAM KAB.TABANAN\TRANSFERAN DATA DARI GPS\data gps seluruh MA PDAM tabanan\unit pelayanan kota\photo\DSC01304.jpg""/>",,"<img Src=""D:\DATA PEMETAAN JARINGAN ARGIS PDAM KAB.TABANAN\TRANSFERAN DATA DARI GPS\data gps seluruh MA PDAM tabanan\unit pelayanan kota\photo\DSC01305.jpg""/>",,"<img Src=""D:\DATA PEMETAAN JARINGAN ARGIS PDAM KAB.TABANAN\TRANSFERAN DATA DARI GPS\data gps seluruh MA PDAM tabanan\unit pelayanan kota\photo\DSC01306.jpg""/>",Kota Kec. Tabanan & Kerambitan,293445.589068,9059354.08492,./0.png
115.138982000029,-8.55881799999962,58,"473",Waypoint,87.1673,2017-06-02T06:25:38Z,2017-06-02 2:25:38pm,"Flag, Blue",Sumur Kediri,Jl. Wagimin No. 27,Br. Jagasatru,Ds. Banjar Anyar,Kediri,"8,3","8,3","11.000","81.541",,,,,,,,,,,"<img Src=""D:\DATA PEMETAAN JARINGAN ARGIS PDAM KAB.TABANAN\TRANSFERAN DATA DARI GPS\data gps seluruh MA PDAM tabanan\unit pelayanan kota\photo\DSC01307.jpg""/>",,"<img Src=""D:\DATA PEMETAAN JARINGAN ARGIS PDAM KAB.TABANAN\TRANSFERAN DATA DARI GPS\data gps seluruh MA PDAM tabanan\unit pelayanan kota\photo\DSC01309.jpg""/>",,"<img Src=""D:\DATA PEMETAAN JARINGAN ARGIS PDAM KAB.TABANAN\TRANSFERAN DATA DARI GPS\data gps seluruh MA PDAM tabanan\unit pelayanan kota\photo\DSC01310.jpg""/>",,"<img Src=""D:\DATA PEMETAAN JARINGAN ARGIS PDAM KAB.TABANAN\TRANSFERAN DATA DARI GPS\data gps seluruh MA PDAM tabanan\unit pelayanan kota\photo\DSC01311.jpg""/>",,"<img Src=""D:\DATA PEMETAAN JARINGAN ARGIS PDAM KAB.TABANAN\TRANSFERAN DATA DARI GPS\data gps seluruh MA PDAM tabanan\unit pelayanan kota\photo\DSC01308.jpg""/>",Kota Kec. Tabanan,295171.629423,9053427.90499,./0.png
115.140138766205,-8.36378165072164,59,"474",Waypoint,611.851,2017-06-09T01:47:34Z,2017-06-09 9:47:34am,"Flag, Blue",MA. Katos,,,Ds. Senganan,Penebel,,,,,,,,,,,,,,,"<img Src=""D:\DATA PEMETAAN JARINGAN ARGIS PDAM KAB.TABANAN\TRANSFERAN DATA DARI GPS\data gps seluruh MA PDAM tabanan\unit pelayanan penebel\photo\DSC01312.jpg""/>",,"<img Src=""D:\DATA PEMETAAN JARINGAN ARGIS PDAM KAB.TABANAN\TRANSFERAN DATA DARI GPS\data gps seluruh MA PDAM tabanan\unit pelayanan penebel\photo\DSC01313.jpg""/>",,"<img Src=""D:\DATA PEMETAAN JARINGAN ARGIS PDAM KAB.TABANAN\TRANSFERAN DATA DARI GPS\data gps seluruh MA PDAM tabanan\unit pelayanan penebel\photo\DSC01314.jpg""/>",,"<img Src=""D:\DATA PEMETAAN JARINGAN ARGIS PDAM KAB.TABANAN\TRANSFERAN DATA DARI GPS\data gps seluruh MA PDAM tabanan\unit pelayanan penebel\photo\DSC01315.jpg""/>",,"<img Src=""D:\DATA PEMETAAN JARINGAN ARGIS PDAM KAB.TABANAN\TRANSFERAN DATA DARI GPS\data gps seluruh MA PDAM tabanan\unit pelayanan penebel\photo\DSC01316.jpg""/>",Penebel,295174.292144,9053423.71455,./0.png
115.13736000003,-8.35643299999962,60,"475",Waypoint,721.141,2017-06-09T02:11:36Z,2017-06-09 10:11:36am,"Flag, Blue",MA. Gembrong,,,Ds. Senganan,Penebel,103 & 10,"264",,,,,,,,,,,,,,,"<img Src=""D:\DATA PEMETAAN JARINGAN ARGIS PDAM KAB.TABANAN\TRANSFERAN DATA DARI GPS\data gps seluruh MA PDAM tabanan\unit pelayanan penebel\photo\DSC01318.jpg""/>",,"<img Src=""D:\DATA PEMETAAN JARINGAN ARGIS PDAM KAB.TABANAN\TRANSFERAN DATA DARI GPS\data gps seluruh MA PDAM tabanan\unit pelayanan penebel\photo\DSC01319.jpg""/>",,"<img Src=""D:\DATA PEMETAAN JARINGAN ARGIS PDAM KAB.TABANAN\TRANSFERAN DATA DARI GPS\data gps seluruh MA PDAM tabanan\unit pelayanan penebel\photo\DSC01320.jpg""/>",,"<img Src=""D:\DATA PEMETAAN JARINGAN ARGIS PDAM KAB.TABANAN\TRANSFERAN DATA DARI GPS\data gps seluruh MA PDAM tabanan\unit pelayanan penebel\photo\DSC01321.jpg""/>",Kota Kec. Tabanan & Penebel,294885.97357,9075812.91724,./0.png
115.176398000026,-8.35741199999968,61,"476",Waypoint,653.102,2017-06-09T02:39:58Z,2017-06-09 10:39:58am,"Flag, Blue",Resv. Tampak Karang,,,Ds. Apuan,Baturiti,,,,,,,,,,,,,,,,,"<img Src=""D:\DATA PEMETAAN JARINGAN ARGIS PDAM KAB.TABANAN\TRANSFERAN DATA DARI GPS\data gps seluruh MA PDAM tabanan\unit pelayanan penebel\photo\DSC01325.jpg""/>",,"<img Src=""D:\DATA PEMETAAN JARINGAN ARGIS PDAM KAB.TABANAN\TRANSFERAN DATA DARI GPS\data gps seluruh MA PDAM tabanan\unit pelayanan penebel\photo\DSC01322.jpg""/>",,"<img Src=""D:\DATA PEMETAAN JARINGAN ARGIS PDAM KAB.TABANAN\TRANSFERAN DATA DARI GPS\data gps seluruh MA PDAM tabanan\unit pelayanan penebel\photo\DSC01323.jpg""/>",,"<img Src=""D:\DATA PEMETAAN JARINGAN ARGIS PDAM KAB.TABANAN\TRANSFERAN DATA DARI GPS\data gps seluruh MA PDAM tabanan\unit pelayanan penebel\photo\DSC01324.jpg""/>",Penebel,299186.756589,9075724.74371,./0.png
115.173420000026,-8.34407799999968,62,"477",Waypoint,728.587,2017-06-09T02:59:32Z,2017-06-09 10:59:32am,"Flag, Blue",MA. Pengangian,,,Ds. Bangli,Baturiti,"8","15",,,,,,,,,,,,,,,"<img Src=""D:\DATA PEMETAAN JARINGAN ARGIS PDAM KAB.TABANAN\TRANSFERAN DATA DARI GPS\data gps seluruh MA PDAM tabanan\unit pelayanan penebel\photo\DSC01328.jpg""/>",,"<img Src=""D:\DATA PEMETAAN JARINGAN ARGIS PDAM KAB.TABANAN\TRANSFERAN DATA DARI GPS\data gps seluruh MA PDAM tabanan\unit pelayanan penebel\photo\DSC01329.jpg""/>",,"<img Src=""D:\DATA PEMETAAN JARINGAN ARGIS PDAM KAB.TABANAN\TRANSFERAN DATA DARI GPS\data gps seluruh MA PDAM tabanan\unit pelayanan penebel\photo\DSC01326.jpg""/>",,"<img Src=""D:\DATA PEMETAAN JARINGAN ARGIS PDAM KAB.TABANAN\TRANSFERAN DATA DARI GPS\data gps seluruh MA PDAM tabanan\unit pelayanan penebel\photo\DSC01327.jpg""/>",Penebel,298851.884254,9077198.06686,./0.png
115.13537900003,-8.50159499999961,63,"478",Waypoint,222.836,2017-06-09T04:45:22Z,2017-06-09 12:45:22pm,"Flag, Blue",Resv. Wanasari,,Br. Abianlalang,Ds. Wanasari,Tabanan,,,,,,,,,,,,,,,"<img Src=""D:\DATA PEMETAAN JARINGAN ARGIS PDAM KAB.TABANAN\TRANSFERAN DATA DARI GPS\data gps seluruh MA PDAM tabanan\unit pelayanan penebel\photo\DSC01334.jpg""/>",,"<img Src=""D:\DATA PEMETAAN JARINGAN ARGIS PDAM KAB.TABANAN\TRANSFERAN DATA DARI GPS\data gps seluruh MA PDAM tabanan\unit pelayanan penebel\photo\DSC01330.jpg""/>",,"<img Src=""D:\DATA PEMETAAN JARINGAN ARGIS PDAM KAB.TABANAN\TRANSFERAN DATA DARI GPS\data gps seluruh MA PDAM tabanan\unit pelayanan penebel\photo\DSC01331.jpg""/>",,"<img Src=""D:\DATA PEMETAAN JARINGAN ARGIS PDAM KAB.TABANAN\TRANSFERAN DATA DARI GPS\data gps seluruh MA PDAM tabanan\unit pelayanan penebel\photo\DSC01332.jpg""/>",,"<img Src=""D:\DATA PEMETAAN JARINGAN ARGIS PDAM KAB.TABANAN\TRANSFERAN DATA DARI GPS\data gps seluruh MA PDAM tabanan\unit pelayanan penebel\photo\DSC01333.jpg""/>",,294744.37451,9059755.4689,./0.png
